arm,action,count
B0,VOUCH,0
B0,KEEP,0
B0,DEMOTE,0
B0,QUALIFY,0
B0,REFUTE,0
B0,BLOCK,0
B1,VOUCH,0
B1,KEEP,0
B1,DEMOTE,0
B1,QUALIFY,0
B1,REFUTE,0
B1,BLOCK,0
B2,VOUCH,0
B2,KEEP,0
B2,DEMOTE,0
B2,QUALIFY,0
B2,REFUTE,0
B2,BLOCK,0
A2,VOUCH,0
A2,KEEP,0
A2,DEMOTE,0
A2,QUALIFY,0
A2,REFUTE,0
A2,BLOCK,0
A2-nogate,VOUCH,0
A2-nogate,KEEP,0
A2-nogate,DEMOTE,0
A2-nogate,QUALIFY,0
A2-nogate,REFUTE,0
A2-nogate,BLOCK,0
A2-nosal,VOUCH,0
A2-nosal,KEEP,0
A2-nosal,DEMOTE,0
A2-nosal,QUALIFY,0
A2-nosal,REFUTE,0
A2-nosal,BLOCK,0
A2-nolic,VOUCH,0
A2-nolic,KEEP,0
A2-nolic,DEMOTE,0
A2-nolic,QUALIFY,0
A2-nolic,REFUTE,0
A2-nolic,BLOCK,0
A2-noblock,VOUCH,0
A2-noblock,KEEP,0
A2-noblock,DEMOTE,0
A2-noblock,QUALIFY,0
A2-noblock,REFUTE,0
A2-noblock,BLOCK,0
