arm,reference,n_paired,gained_correct,lost_correct,p_exact_mcnemar,delta_pp,ci95_low_pp,ci95_high_pp
B0,B1,0,0,0,,,,
B0,B2,0,0,0,,,,
B1,B0,0,0,0,,,,
B1,B2,0,0,0,,,,
B2,B0,0,0,0,,,,
B2,B1,0,0,0,,,,
A2,B0,0,0,0,,,,
A2,B1,0,0,0,,,,
A2,B2,0,0,0,,,,
A2-nogate,B0,0,0,0,,,,
A2-nogate,B1,0,0,0,,,,
A2-nogate,B2,0,0,0,,,,
A2-nosal,B0,0,0,0,,,,
A2-nosal,B1,0,0,0,,,,
A2-nosal,B2,0,0,0,,,,
A2-nolic,B0,0,0,0,,,,
A2-nolic,B1,0,0,0,,,,
A2-nolic,B2,0,0,0,,,,
A2-noblock,B0,0,0,0,,,,
A2-noblock,B1,0,0,0,,,,
A2-noblock,B2,0,0,0,,,,
