arm,reference,label,n_paired,gained,lost,delta_pp,ci95_low_pp,ci95_high_pp
B0,B1,correct,0,0,0,,,
B0,B1,hallucination,0,0,0,,,
B0,B1,omission,0,0,0,,,
B0,B2,correct,0,0,0,,,
B0,B2,hallucination,0,0,0,,,
B0,B2,omission,0,0,0,,,
B1,B0,correct,0,0,0,,,
B1,B0,hallucination,0,0,0,,,
B1,B0,omission,0,0,0,,,
B1,B2,correct,0,0,0,,,
B1,B2,hallucination,0,0,0,,,
B1,B2,omission,0,0,0,,,
B2,B0,correct,0,0,0,,,
B2,B0,hallucination,0,0,0,,,
B2,B0,omission,0,0,0,,,
B2,B1,correct,0,0,0,,,
B2,B1,hallucination,0,0,0,,,
B2,B1,omission,0,0,0,,,
A2,B0,correct,0,0,0,,,
A2,B0,hallucination,0,0,0,,,
A2,B0,omission,0,0,0,,,
A2,B1,correct,0,0,0,,,
A2,B1,hallucination,0,0,0,,,
A2,B1,omission,0,0,0,,,
A2,B2,correct,0,0,0,,,
A2,B2,hallucination,0,0,0,,,
A2,B2,omission,0,0,0,,,
A2-nogate,B0,correct,0,0,0,,,
A2-nogate,B0,hallucination,0,0,0,,,
A2-nogate,B0,omission,0,0,0,,,
A2-nogate,B1,correct,0,0,0,,,
A2-nogate,B1,hallucination,0,0,0,,,
A2-nogate,B1,omission,0,0,0,,,
A2-nogate,B2,correct,0,0,0,,,
A2-nogate,B2,hallucination,0,0,0,,,
A2-nogate,B2,omission,0,0,0,,,
A2-nosal,B0,correct,0,0,0,,,
A2-nosal,B0,hallucination,0,0,0,,,
A2-nosal,B0,omission,0,0,0,,,
A2-nosal,B1,correct,0,0,0,,,
A2-nosal,B1,hallucination,0,0,0,,,
A2-nosal,B1,omission,0,0,0,,,
A2-nosal,B2,correct,0,0,0,,,
A2-nosal,B2,hallucination,0,0,0,,,
A2-nosal,B2,omission,0,0,0,,,
A2-nolic,B0,correct,0,0,0,,,
A2-nolic,B0,hallucination,0,0,0,,,
A2-nolic,B0,omission,0,0,0,,,
A2-nolic,B1,correct,0,0,0,,,
A2-nolic,B1,hallucination,0,0,0,,,
A2-nolic,B1,omission,0,0,0,,,
A2-nolic,B2,correct,0,0,0,,,
A2-nolic,B2,hallucination,0,0,0,,,
A2-nolic,B2,omission,0,0,0,,,
A2-noblock,B0,correct,0,0,0,,,
A2-noblock,B0,hallucination,0,0,0,,,
A2-noblock,B0,omission,0,0,0,,,
A2-noblock,B1,correct,0,0,0,,,
A2-noblock,B1,hallucination,0,0,0,,,
A2-noblock,B1,omission,0,0,0,,,
A2-noblock,B2,correct,0,0,0,,,
A2-noblock,B2,hallucination,0,0,0,,,
A2-noblock,B2,omission,0,0,0,,,
