arm,label,count,n_evaluated,n_pool,missing,complete,rate_evaluated,wilson95_low,wilson95_high,observed_share_of_pool
B0,correct,0,0,4062,4062,False,,,,0.0
B0,hallucination,0,0,4062,4062,False,,,,0.0
B0,omission,0,0,4062,4062,False,,,,0.0
B1,correct,0,0,4062,4062,False,,,,0.0
B1,hallucination,0,0,4062,4062,False,,,,0.0
B1,omission,0,0,4062,4062,False,,,,0.0
B2,correct,0,0,4062,4062,False,,,,0.0
B2,hallucination,0,0,4062,4062,False,,,,0.0
B2,omission,0,0,4062,4062,False,,,,0.0
A2,correct,0,0,4062,4062,False,,,,0.0
A2,hallucination,0,0,4062,4062,False,,,,0.0
A2,omission,0,0,4062,4062,False,,,,0.0
A2-nogate,correct,0,0,4062,4062,False,,,,0.0
A2-nogate,hallucination,0,0,4062,4062,False,,,,0.0
A2-nogate,omission,0,0,4062,4062,False,,,,0.0
A2-nosal,correct,0,0,4062,4062,False,,,,0.0
A2-nosal,hallucination,0,0,4062,4062,False,,,,0.0
A2-nosal,omission,0,0,4062,4062,False,,,,0.0
A2-nolic,correct,0,0,4062,4062,False,,,,0.0
A2-nolic,hallucination,0,0,4062,4062,False,,,,0.0
A2-nolic,omission,0,0,4062,4062,False,,,,0.0
A2-noblock,correct,0,0,4062,4062,False,,,,0.0
A2-noblock,hallucination,0,0,4062,4062,False,,,,0.0
A2-noblock,omission,0,0,4062,4062,False,,,,0.0
