case_id,sufficiency,oracle_arm,oracle_label,oracle_repaired
memos_medium:9,0.9,UA3,hallucination,0
memos_medium:17,0.35,UA3,correct,1
memos_medium:20,0.9,UA3,hallucination,0
memos_medium:22,0.72,UA3,correct,1
memos_medium:36,0.35,UA3,hallucination,0
memos_medium:38,0.75,UA3,hallucination,0
memos_medium:50,0.75,UA3,correct,1
memos_medium:51,0.85,UA3,omission,0
memos_medium:58,0.75,UA3,correct,1
memos_medium:77,0.85,UA3,hallucination,0
memos_medium:79,0.35,UA3,correct,1
memos_medium:81,0.75,UA3,correct,1
memos_medium:110,0.55,UA3,correct,1
memos_medium:115,0.85,UA3,hallucination,0
memos_medium:120,0.85,UA3,omission,0
memos_medium:163,0.55,UA3,correct,1
memos_medium:185,0.72,UA3,correct,1
memos_medium:194,0.55,UA3,correct,1
memos_medium:195,0.35,UA3,correct,1
memos_medium:197,0.35,UA3,correct,1
memos_medium:200,0.9,UA3,correct,1
memos_medium:208,0.05,UA3,omission,0
memos_medium:210,0.35,UA3,hallucination,0
memos_medium:250,0.15,UA3,correct,1
memos_medium:252,0.85,UA3,correct,1
memos_medium:285,0.85,UA3,correct,1
memos_medium:286,0.75,UA3,correct,1
memos_medium:310,0.9,UA3,correct,1
memos_medium:319,0.35,UA3,omission,0
memos_medium:332,0.9,UA3,hallucination,0
memos_medium:360,0.9,UA3,correct,1
memos_medium:365,0.35,UA3,correct,1
memos_medium:398,0.85,UA3,hallucination,0
memos_medium:401,0.55,UA3,correct,1
memos_medium:431,0.85,UA3,correct,1
memos_medium:434,0.15,UA3,omission,0
memos_medium:439,0.75,UA3,correct,1
memos_medium:452,0.55,UA3,correct,1
memos_medium:455,0.75,UA3,hallucination,0
memos_medium:472,0.85,UA3,hallucination,0
memos_medium:476,0.35,UA3,hallucination,0
memos_medium:482,0.85,UA3,correct,1
memos_medium:483,0.35,UA3,hallucination,0
memos_medium:487,0.15,UA3,correct,1
memos_medium:499,0.05,UA3,hallucination,0
memos_medium:539,0.35,UA3,omission,0
memos_medium:550,0.9,UA3,correct,1
memos_medium:556,0.85,UA3,hallucination,0
memos_medium:557,0.72,UA3,correct,1
memos_medium:558,0.55,UA3,correct,1
memos_medium:560,0.35,UA3,correct,1
memos_medium:567,0.85,UA3,hallucination,0
memos_medium:572,0.55,UA3,hallucination,0
memos_medium:577,0.35,UA3,omission,0
memos_medium:603,0.75,UA3,hallucination,0
memos_medium:604,0.35,UA3,correct,1
memos_medium:610,0.55,UA3,correct,1
memos_medium:628,0.6,UA3,correct,1
memos_medium:655,0.72,UA3,correct,1
memos_medium:661,0.55,UA3,hallucination,0
memos_medium:670,0.55,UA3,hallucination,0
memos_medium:680,0.85,UA3,correct,1
memos_medium:682,0.35,UA3,correct,1
memos_medium:688,0.85,UA3,correct,1
memos_medium:690,0.35,UA3,correct,1
memos_medium:694,0.0,UA3,hallucination,0
memos_medium:697,0.55,UA3,omission,0
memos_medium:701,0.85,UA3,correct,1
memos_medium:721,0.35,UA3,omission,0
memos_medium:759,0.85,UA3,correct,1
memos_medium:765,0.85,UA3,correct,1
memos_medium:772,0.85,UA3,hallucination,0
memos_medium:775,0.35,UA3,hallucination,0
memos_medium:797,0.85,UA3,hallucination,0
memos_medium:799,0.9,UA3,correct,1
memos_medium:808,0.55,UA3,hallucination,0
memos_medium:834,0.75,UA3,hallucination,0
memos_medium:838,0.25,UA3,omission,0
memos_medium:852,0.35,UA3,correct,1
memos_medium:873,0.85,UA3,hallucination,0
memos_medium:878,0.9,UA3,hallucination,0
memos_medium:897,0.35,UA3,correct,1
memos_medium:916,0.85,UA3,correct,1
memos_medium:920,0.9,UA3,hallucination,0
memos_medium:923,0.75,UA3,correct,1
memos_medium:939,0.85,UA3,correct,1
memos_medium:942,0.55,UA3,hallucination,0
memos_medium:945,0.0,UA3,correct,1
memos_medium:948,0.15,UA3,correct,1
memos_medium:969,0.85,UA3,correct,1
memos_medium:975,0.35,UA3,hallucination,0
memos_medium:980,0.55,UA3,correct,1
memos_medium:995,0.35,UA3,hallucination,0
memos_medium:1010,0.9,UA3,hallucination,0
memos_medium:1018,0.35,UA3,correct,1
memos_medium:1019,0.85,UA3,correct,1
memos_medium:1028,0.55,UA3,hallucination,0
memos_medium:1100,0.15,UA3,correct,1
memos_medium:1173,0.75,UA3,hallucination,0
memos_medium:1174,0.72,UA3,hallucination,0
memos_medium:1177,0.35,UA3,correct,1
memos_medium:1178,0.15,UA3,omission,0
memos_medium:1199,0.85,UA3,hallucination,0
memos_medium:1206,0.55,UA3,hallucination,0
memos_medium:1214,0.85,UA3,hallucination,0
memos_medium:1216,0.85,UA3,hallucination,0
memos_medium:1223,0.35,UA3,correct,1
memos_medium:1232,0.85,UA3,hallucination,0
memos_medium:1238,0.85,UA3,omission,0
memos_medium:1239,0.55,UA3,hallucination,0
memos_medium:1245,0.85,UA3,correct,1
memos_medium:1249,0.35,UA3,correct,1
memos_medium:1276,0.35,UA3,hallucination,0
memos_medium:1281,0.35,UA3,correct,1
memos_medium:1288,0.85,UA3,correct,1
memos_medium:1289,0.55,UA3,correct,1
memos_medium:1304,0.35,UA3,hallucination,0
memos_medium:1316,0.85,UA3,correct,1
memos_medium:1319,0.55,UA3,correct,1
memos_medium:1332,0.55,UA3,hallucination,0
memos_medium:1350,0.85,UA3,correct,1
memos_medium:1358,0.85,UA3,hallucination,0
memos_medium:1360,0.9,UA3,hallucination,0
memos_medium:1361,0.55,UA3,omission,0
memos_medium:1362,0.85,UA3,correct,1
memos_medium:1370,0.55,UA3,omission,0
memos_medium:1404,0.85,UA3,hallucination,0
memos_medium:1405,0.85,UA3,hallucination,0
memos_medium:1414,0.35,UA3,hallucination,0
memos_medium:1417,0.9,UA3,correct,1
memos_medium:1423,0.72,UA3,correct,1
memos_medium:1444,0.1,UA3,hallucination,0
memos_medium:1445,0.9,UA3,omission,0
memos_medium:1447,0.75,UA3,correct,1
memos_medium:1463,0.9,UA3,hallucination,0
memos_medium:1469,0.75,UA3,hallucination,0
memos_medium:1470,0.35,UA3,hallucination,0
memos_medium:1475,0.85,UA3,correct,1
memos_medium:1478,0.35,UA3,omission,0
memos_medium:1480,0.9,UA3,correct,1
memos_medium:1497,0.55,UA3,correct,1
memos_medium:1513,0.75,UA3,hallucination,0
memos_medium:1526,0.55,UA3,hallucination,0
memos_medium:1529,0.85,UA3,correct,1
memos_medium:1530,0.9,UA3,omission,0
memos_medium:1532,0.55,UA3,omission,0
memos_medium:1548,0.55,UA3,omission,0
memos_medium:1565,0.35,UA3,omission,0
memos_medium:1587,0.9,UA3,correct,1
memos_medium:1591,0.85,UA3,correct,1
memos_medium:1609,0.35,UA3,correct,1
memos_medium:1620,0.85,UA3,hallucination,0
memos_medium:1634,0.35,UA3,hallucination,0
memos_medium:1636,0.35,UA3,correct,1
memos_medium:1660,0.35,UA3,correct,1
memos_medium:1663,0.35,UA3,hallucination,0
memos_medium:1675,0.75,UA3,hallucination,0
memos_medium:1676,0.85,UA3,hallucination,0
memos_medium:1712,0.72,UA3,correct,1
memos_medium:1717,0.55,UA3,hallucination,0
memos_medium:1726,0.95,UA3,correct,1
memos_medium:1735,0.85,UA3,hallucination,0
memos_medium:1757,0.55,UA3,hallucination,0
memos_medium:1798,0.85,UA3,correct,1
memos_medium:1807,0.35,UA3,hallucination,0
memos_medium:1811,0.85,UA3,hallucination,0
memos_medium:1829,0.85,UA3,omission,0
memos_medium:1834,0.85,UA3,correct,1
memos_medium:1853,0.55,UA3,hallucination,0
memos_medium:1876,0.72,UA3,correct,1
memos_medium:1880,0.55,UA3,correct,1
memos_medium:1881,0.85,UA3,hallucination,0
memos_medium:1897,0.05,UA3,omission,0
memos_medium:1906,0.0,UA3,hallucination,0
memos_medium:1909,0.9,UA3,omission,0
memos_medium:1949,0.9,UA3,hallucination,0
memos_medium:1981,0.75,UA3,correct,1
memos_medium:1986,0.55,UA3,hallucination,0
memos_medium:1998,0.35,UA3,omission,0
memos_medium:1999,0.9,UA3,hallucination,0
memos_medium:2008,0.75,UA3,hallucination,0
memos_medium:2016,0.85,UA3,hallucination,0
memos_medium:2024,0.9,UA3,correct,1
memos_medium:2052,0.35,UA3,correct,1
memos_medium:2072,0.15,UA3,correct,1
memos_medium:2087,0.9,UA3,correct,1
memos_medium:2119,0.75,UA3,hallucination,0
memos_medium:2123,0.85,UA3,correct,1
memos_medium:2128,0.85,UA3,correct,1
memos_medium:2134,0.55,UA3,hallucination,0
memos_medium:2155,0.1,UA3,omission,0
memos_medium:2168,0.75,UA3,hallucination,0
memos_medium:2170,0.72,UA3,omission,0
memos_medium:2175,0.55,UA3,correct,1
memos_medium:2212,0.85,UA3,correct,1
memos_medium:2216,0.85,UA3,hallucination,0
memos_medium:2218,0.9,UA3,hallucination,0
memos_medium:2223,0.55,UA3,correct,1
memos_medium:2227,0.72,UA3,hallucination,0
memos_medium:2236,0.35,UA3,hallucination,0
memos_medium:2260,0.35,UA3,correct,1
memos_medium:2270,0.85,UA3,correct,1
memos_medium:2278,0.55,UA3,hallucination,0
memos_medium:2299,0.15,UA3,omission,0
memos_medium:2305,0.55,UA3,hallucination,0
memos_medium:2306,0.55,UA3,hallucination,0
memos_medium:2315,0.85,UA3,hallucination,0
memos_medium:2339,0.72,UA3,correct,1
memos_medium:2355,0.25,UA3,correct,1
memos_medium:2358,0.55,UA3,hallucination,0
memos_medium:2381,0.15,UA3,omission,0
memos_medium:2391,0.6,UA3,hallucination,0
memos_medium:2393,0.05,UA3,omission,0
memos_medium:2404,0.9,UA3,hallucination,0
memos_medium:2407,0.35,UA3,correct,1
memos_medium:2411,0.85,UA3,correct,1
memos_medium:2423,0.9,UA3,hallucination,0
memos_medium:2460,0.35,UA3,omission,0
memos_medium:2471,0.85,UA3,hallucination,0
memos_medium:2480,0.55,UA3,hallucination,0
memos_medium:2490,0.35,UA3,hallucination,0
memos_medium:2508,0.35,UA3,hallucination,0
memos_medium:2511,0.05,UA3,correct,1
memos_medium:2527,0.15,UA3,hallucination,0
memos_medium:2535,0.35,UA3,correct,1
memos_medium:2537,0.55,UA3,correct,1
memos_medium:2540,0.72,UA3,hallucination,0
memos_medium:2541,0.55,UA3,correct,1
memos_medium:2546,0.55,UA3,correct,1
memos_medium:2557,0.55,UA3,correct,1
memos_medium:2565,0.15,UA3,hallucination,0
memos_medium:2621,0.15,UA3,correct,1
memos_medium:2623,0.35,UA3,hallucination,0
memos_medium:2634,0.15,UA3,omission,0
memos_medium:2636,0.15,UA3,hallucination,0
memos_medium:2657,0.6,UA3,hallucination,0
memos_medium:2662,0.85,UA3,hallucination,0
memos_medium:2670,0.35,UA3,hallucination,0
memos_medium:2726,0.35,UA3,correct,1
memos_medium:2729,0.35,UA3,correct,1
memos_medium:2755,0.85,UA3,omission,0
memos_medium:2756,0.85,UA3,hallucination,0
memos_medium:2758,0.72,UA3,hallucination,0
memos_medium:2759,0.35,UA3,hallucination,0
memos_medium:2763,0.55,UA3,correct,1
memos_medium:2766,0.85,UA3,correct,1
memos_medium:2767,0.05,UA3,correct,1
memos_medium:2774,0.85,UA3,correct,1
memos_medium:2781,0.85,UA3,hallucination,0
memos_medium:2785,0.72,UA3,hallucination,0
memos_medium:2793,0.55,UA3,hallucination,0
memos_medium:2802,0.85,UA3,hallucination,0
memos_medium:2806,0.85,UA3,hallucination,0
memos_medium:2826,0.15,UA3,correct,1
memos_medium:2853,0.85,UA3,correct,1
memos_medium:2863,0.85,UA3,correct,1
memos_medium:2883,0.9,UA3,hallucination,0
memos_medium:2885,0.85,UA3,hallucination,0
memos_medium:2900,0.35,UA3,correct,1
memos_medium:2916,0.85,UA3,correct,1
memos_medium:2935,0.35,UA3,hallucination,0
memos_medium:2941,0.85,UA3,correct,1
memos_medium:2972,0.85,UA3,correct,1
memos_medium:2973,0.85,UA3,correct,1
memos_medium:2980,0.72,UA3,hallucination,0
memos_medium:2982,0.72,UA3,hallucination,0
memos_medium:2989,0.15,UA3,correct,1
memos_medium:2990,0.55,UA3,hallucination,0
memos_medium:3008,0.35,UA3,hallucination,0
memos_medium:3036,0.15,UA3,omission,0
memos_medium:3037,0.35,UA3,correct,1
memos_medium:3039,0.85,UA3,hallucination,0
memos_medium:3042,0.55,UA3,correct,1
memos_medium:3049,0.35,UA3,hallucination,0
memos_medium:3063,0.85,UA3,correct,1
memos_medium:3074,0.85,UA3,hallucination,0
memos_medium:3079,0.72,UA3,correct,1
memos_medium:3089,0.85,UA3,correct,1
memos_medium:3090,0.15,UA3,hallucination,0
memos_medium:3092,0.15,UA3,correct,1
memos_medium:3113,0.75,UA3,correct,1
memos_medium:3118,0.55,UA3,correct,1
memos_medium:3157,0.85,UA3,correct,1
memos_medium:3162,0.85,UA3,correct,1
memos_medium:3208,0.55,UA3,correct,1
memos_medium:3214,0.35,UA3,correct,1
memos_medium:3220,0.72,UA3,correct,1
memos_medium:3223,0.85,UA3,hallucination,0
memos_medium:3235,0.72,UA3,hallucination,0
memos_medium:3242,0.85,UA3,correct,1
memos_medium:3255,0.35,UA3,hallucination,0
memos_medium:3270,0.35,UA3,correct,1
memos_medium:3315,0.75,UA3,hallucination,0
memos_medium:3325,0.85,UA3,correct,1
memos_medium:3328,0.75,UA3,correct,1
memos_medium:3349,0.0,UA3,correct,1
memos_medium:3350,0.72,UA3,correct,1
memos_medium:3356,0.55,UA3,correct,1
memos_medium:3359,0.85,UA3,correct,1
memos_medium:3388,0.9,UA3,correct,1
memos_medium:3391,0.85,UA3,hallucination,0
memos_medium:3394,0.75,UA3,correct,1
memos_medium:3422,0.9,UA3,correct,1
memos_medium:3434,0.15,UA3,correct,1
memos_medium:3441,0.95,UA3,hallucination,0
memos_medium:3450,0.9,UA3,correct,1
memos_medium:3467,0.15,UA3,hallucination,0
memos_long:9,0.55,UA3,hallucination,0
memos_long:19,0.9,UA3,hallucination,0
memos_long:24,0.55,UA3,correct,1
memos_long:25,0.35,UA3,correct,1
memos_long:33,0.15,UA3,omission,0
memos_long:38,0.55,UA3,omission,0
memos_long:49,0.05,UA3,correct,1
memos_long:50,0.75,UA3,hallucination,0
memos_long:58,0.72,UA3,hallucination,0
memos_long:68,0.85,UA3,correct,1
memos_long:77,0.85,UA3,hallucination,0
memos_long:88,0.7,UA3,hallucination,0
memos_long:96,0.72,UA3,correct,1
memos_long:97,0.85,UA3,correct,1
memos_long:115,0.85,UA3,hallucination,0
memos_long:120,0.75,UA3,omission,0
memos_long:127,0.35,UA3,omission,0
memos_long:152,0.55,UA3,correct,1
memos_long:179,0.15,UA3,omission,0
memos_long:190,0.35,UA3,hallucination,0
memos_long:194,0.85,UA3,correct,1
memos_long:195,0.35,UA3,correct,1
memos_long:197,0.85,UA3,correct,1
memos_long:207,0.55,UA3,correct,1
memos_long:208,0.05,UA3,omission,0
memos_long:214,0.9,UA3,correct,1
memos_long:240,0.85,UA3,correct,1
memos_long:245,0.85,UA3,correct,1
memos_long:252,0.6,UA3,correct,1
memos_long:254,0.35,UA3,correct,1
memos_long:282,0.35,UA3,correct,1
memos_long:283,0.85,UA3,correct,1
memos_long:284,0.85,UA3,correct,1
memos_long:299,0.72,UA3,correct,1
memos_long:310,0.25,UA3,hallucination,0
memos_long:324,0.35,UA3,correct,1
memos_long:325,0.35,UA3,correct,1
memos_long:332,0.85,UA3,hallucination,0
memos_long:348,0.35,UA3,correct,1
memos_long:365,0.15,UA3,correct,1
memos_long:368,0.35,UA3,correct,1
memos_long:383,0.55,UA3,correct,1
memos_long:390,0.72,UA3,hallucination,0
memos_long:408,0.35,UA3,correct,1
memos_long:455,0.75,UA3,hallucination,0
memos_long:462,0.72,UA3,correct,1
memos_long:473,0.85,UA3,correct,1
memos_long:476,0.35,UA3,hallucination,0
memos_long:483,0.35,UA3,omission,0
memos_long:491,0.85,UA3,hallucination,0
memos_long:497,0.35,UA3,correct,1
memos_long:535,0.35,UA3,hallucination,0
memos_long:540,0.75,UA3,correct,1
memos_long:549,0.35,UA3,hallucination,0
memos_long:558,0.75,UA3,correct,1
memos_long:567,0.85,UA3,hallucination,0
memos_long:572,0.85,UA3,hallucination,0
memos_long:577,0.55,UA3,correct,1
memos_long:608,0.9,UA3,hallucination,0
memos_long:610,0.35,UA3,correct,1
memos_long:618,0.35,UA3,hallucination,0
memos_long:661,0.85,UA3,hallucination,0
memos_long:681,0.85,UA3,hallucination,0
memos_long:697,0.55,UA3,omission,0
memos_long:721,0.35,UA3,hallucination,0
memos_long:746,0.72,UA3,correct,1
memos_long:750,0.35,UA3,correct,1
memos_long:765,0.55,UA3,hallucination,0
memos_long:789,0.55,UA3,hallucination,0
memos_long:790,0.55,UA3,hallucination,0
memos_long:828,0.85,UA3,correct,1
memos_long:829,0.85,UA3,hallucination,0
memos_long:834,0.55,UA3,correct,1
memos_long:862,0.85,UA3,hallucination,0
memos_long:870,0.72,UA3,correct,1
memos_long:871,0.85,UA3,correct,1
memos_long:910,0.15,UA3,hallucination,0
memos_long:913,0.55,UA3,correct,1
memos_long:922,0.35,UA3,hallucination,0
memos_long:940,0.85,UA3,correct,1
memos_long:958,0.85,UA3,correct,1
memos_long:964,0.55,UA3,hallucination,0
memos_long:968,0.15,UA3,hallucination,0
memos_long:994,0.15,UA3,omission,0
memos_long:995,0.55,UA3,hallucination,0
memos_long:1010,0.9,UA3,hallucination,0
memos_long:1019,0.85,UA3,correct,1
memos_long:1024,0.85,UA3,correct,1
memos_long:1028,0.72,UA3,hallucination,0
memos_long:1030,0.75,UA3,hallucination,0
memos_long:1085,0.35,UA3,hallucination,0
memos_long:1111,0.35,UA3,hallucination,0
memos_long:1118,0.75,UA3,hallucination,0
memos_long:1123,0.55,UA3,hallucination,0
memos_long:1149,0.35,UA3,correct,1
memos_long:1150,0.35,UA3,hallucination,0
memos_long:1151,0.35,UA3,correct,1
memos_long:1170,0.85,UA3,hallucination,0
memos_long:1175,0.72,UA3,correct,1
memos_long:1176,0.55,UA3,hallucination,0
memos_long:1178,0.0,UA3,correct,1
memos_long:1185,0.85,UA3,hallucination,0
memos_long:1212,0.55,UA3,hallucination,0
memos_long:1215,0.85,UA3,hallucination,0
memos_long:1222,0.75,UA3,hallucination,0
memos_long:1231,0.75,UA3,hallucination,0
memos_long:1232,0.35,UA3,hallucination,0
memos_long:1237,0.85,UA3,correct,1
memos_long:1245,0.2,UA3,omission,0
memos_long:1271,0.35,UA3,omission,0
memos_long:1276,0.85,UA3,hallucination,0
memos_long:1280,0.35,UA3,correct,1
memos_long:1282,0.85,UA3,correct,1
memos_long:1319,0.75,UA3,correct,1
memos_long:1324,0.15,UA3,omission,0
memos_long:1348,0.85,UA3,hallucination,0
memos_long:1350,0.9,UA3,hallucination,0
memos_long:1360,0.85,UA3,hallucination,0
memos_long:1370,0.35,UA3,omission,0
memos_long:1373,0.35,UA3,correct,1
memos_long:1374,0.85,UA3,hallucination,0
memos_long:1380,0.85,UA3,correct,1
memos_long:1390,0.55,UA3,hallucination,0
memos_long:1401,0.75,UA3,hallucination,0
memos_long:1404,0.0,UA3,hallucination,0
memos_long:1405,0.9,UA3,omission,0
memos_long:1409,0.35,UA3,correct,1
memos_long:1416,0.85,UA3,correct,1
memos_long:1420,0.85,UA3,correct,1
memos_long:1429,0.72,UA3,correct,1
memos_long:1446,0.75,UA3,hallucination,0
memos_long:1455,0.95,UA3,correct,1
memos_long:1463,0.55,UA3,correct,1
memos_long:1468,0.75,UA3,correct,1
memos_long:1471,0.55,UA3,hallucination,0
memos_long:1494,0.05,UA3,correct,1
memos_long:1502,0.55,UA3,hallucination,0
memos_long:1528,0.55,UA3,hallucination,0
memos_long:1531,0.55,UA3,hallucination,0
memos_long:1586,0.9,UA3,correct,1
memos_long:1590,0.85,UA3,correct,1
memos_long:1595,0.85,UA3,hallucination,0
memos_long:1608,0.85,UA3,hallucination,0
memos_long:1611,0.15,UA3,correct,1
memos_long:1622,0.85,UA3,hallucination,0
memos_long:1625,0.75,UA3,correct,1
memos_long:1649,0.85,UA3,correct,1
memos_long:1674,0.75,UA3,correct,1
memos_long:1683,0.55,UA3,hallucination,0
memos_long:1693,0.85,UA3,correct,1
memos_long:1699,0.9,UA3,correct,1
memos_long:1704,0.85,UA3,correct,1
memos_long:1725,0.95,UA3,correct,1
memos_long:1733,0.15,UA3,correct,1
memos_long:1734,0.55,UA3,hallucination,0
memos_long:1752,0.35,UA3,hallucination,0
memos_long:1756,0.72,UA3,hallucination,0
memos_long:1757,0.85,UA3,correct,1
memos_long:1770,0.85,UA3,correct,1
memos_long:1773,0.85,UA3,correct,1
memos_long:1786,0.75,UA3,hallucination,0
memos_long:1803,0.72,UA3,correct,1
memos_long:1815,0.72,UA3,correct,1
memos_long:1833,0.75,UA3,hallucination,0
memos_long:1852,0.55,UA3,hallucination,0
memos_long:1865,0.72,UA3,omission,0
memos_long:1875,0.72,UA3,hallucination,0
memos_long:1878,0.15,UA3,omission,0
memos_long:1882,0.55,UA3,omission,0
memos_long:1883,0.35,UA3,hallucination,0
memos_long:1896,0.15,UA3,omission,0
memos_long:1905,0.0,UA3,hallucination,0
memos_long:1910,0.72,UA3,hallucination,0
memos_long:1932,0.35,UA3,correct,1
memos_long:1942,0.75,UA3,correct,1
memos_long:1949,0.05,UA3,omission,0
memos_long:1970,0.85,UA3,correct,1
memos_long:1976,0.85,UA3,hallucination,0
memos_long:1997,0.35,UA3,omission,0
memos_long:1998,0.85,UA3,correct,1
memos_long:2004,0.72,UA3,correct,1
memos_long:2017,0.35,UA3,correct,1
memos_long:2021,0.72,UA3,correct,1
memos_long:2023,0.85,UA3,correct,1
memos_long:2054,0.35,UA3,omission,0
memos_long:2090,0.55,UA3,correct,1
memos_long:2094,0.85,UA3,hallucination,0
memos_long:2111,0.85,UA3,correct,1
memos_long:2113,0.85,UA3,hallucination,0
memos_long:2118,0.75,UA3,omission,0
memos_long:2120,0.85,UA3,correct,1
memos_long:2126,0.35,UA3,correct,1
memos_long:2128,0.0,UA3,hallucination,0
memos_long:2133,0.75,UA3,hallucination,0
memos_long:2153,0.55,UA3,hallucination,0
memos_long:2156,0.2,UA3,hallucination,0
memos_long:2169,0.85,UA3,hallucination,0
memos_long:2183,0.05,UA3,omission,0
memos_long:2189,0.72,UA3,correct,1
memos_long:2196,0.75,UA3,hallucination,0
memos_long:2202,0.55,UA3,correct,1
memos_long:2209,0.7,UA3,correct,1
memos_long:2217,0.55,UA3,correct,1
memos_long:2226,0.75,UA3,correct,1
memos_long:2235,0.75,UA3,hallucination,0
memos_long:2277,0.55,UA3,hallucination,0
memos_long:2303,0.55,UA3,correct,1
memos_long:2304,0.55,UA3,omission,0
memos_long:2314,0.72,UA3,correct,1
memos_long:2321,0.9,UA3,correct,1
memos_long:2327,0.35,UA3,correct,1
memos_long:2335,0.35,UA3,correct,1
memos_long:2338,0.72,UA3,correct,1
memos_long:2346,0.85,UA3,hallucination,0
memos_long:2354,0.15,UA3,correct,1
memos_long:2357,0.85,UA3,correct,1
memos_long:2365,0.85,UA3,correct,1
memos_long:2373,0.85,UA3,correct,1
memos_long:2375,0.55,UA3,correct,1
memos_long:2376,0.55,UA3,correct,1
memos_long:2377,0.0,UA3,hallucination,0
memos_long:2387,0.85,UA3,hallucination,0
memos_long:2389,0.35,UA3,correct,1
memos_long:2410,0.72,UA3,hallucination,0
memos_long:2416,0.85,UA3,correct,1
memos_long:2459,0.35,UA3,omission,0
memos_long:2479,0.7,UA3,hallucination,0
memos_long:2510,0.05,UA3,correct,1
memos_long:2534,0.35,UA3,correct,1
memos_long:2536,0.55,UA3,correct,1
memos_long:2537,0.72,UA3,hallucination,0
memos_long:2539,0.72,UA3,correct,1
memos_long:2540,0.55,UA3,hallucination,0
memos_long:2545,0.55,UA3,correct,1
memos_long:2549,0.0,UA3,omission,0
memos_long:2560,0.85,UA3,hallucination,0
memos_long:2598,0.35,UA3,correct,1
memos_long:2613,0.55,UA3,correct,1
memos_long:2622,0.35,UA3,hallucination,0
memos_long:2655,0.15,UA3,omission,0
memos_long:2658,0.55,UA3,correct,1
memos_long:2700,0.15,UA3,hallucination,0
memos_long:2735,0.75,UA3,correct,1
memos_long:2762,0.35,UA3,correct,1
memos_long:2771,0.85,UA3,correct,1
memos_long:2792,0.75,UA3,hallucination,0
memos_long:2801,0.9,UA3,hallucination,0
memos_long:2803,0.9,UA3,hallucination,0
memos_long:2805,0.85,UA3,correct,1
memos_long:2809,0.55,UA3,hallucination,0
memos_long:2816,0.0,UA3,correct,1
memos_long:2846,0.35,UA3,correct,1
memos_long:2853,0.55,UA3,correct,1
memos_long:2890,0.85,UA3,correct,1
memos_long:2894,0.75,UA3,correct,1
memos_long:2899,0.35,UA3,hallucination,0
memos_long:2900,0.05,UA3,omission,0
memos_long:2906,0.85,UA3,hallucination,0
memos_long:2936,0.72,UA3,correct,1
memos_long:2942,0.35,UA3,hallucination,0
memos_long:2945,0.55,UA3,hallucination,0
memos_long:2981,0.75,UA3,hallucination,0
memos_long:2988,0.9,UA3,hallucination,0
memos_long:2993,0.55,UA3,correct,1
memos_long:2994,0.35,UA3,omission,0
memos_long:3007,0.35,UA3,hallucination,0
memos_long:3013,0.55,UA3,omission,0
memos_long:3026,0.75,UA3,hallucination,0
memos_long:3038,0.85,UA3,hallucination,0
memos_long:3048,0.25,UA3,hallucination,0
memos_long:3071,0.85,UA3,hallucination,0
memos_long:3075,0.55,UA3,omission,0
memos_long:3087,0.75,UA3,hallucination,0
memos_long:3088,0.35,UA3,correct,1
memos_long:3089,0.15,UA3,correct,1
memos_long:3111,0.35,UA3,correct,1
memos_long:3171,0.15,UA3,correct,1
memos_long:3183,0.72,UA3,correct,1
memos_long:3195,0.9,UA3,correct,1
memos_long:3197,0.85,UA3,omission,0
memos_long:3201,0.85,UA3,hallucination,0
memos_long:3213,0.85,UA3,hallucination,0
memos_long:3257,0.35,UA3,correct,1
memos_long:3259,0.85,UA3,correct,1
memos_long:3263,0.35,UA3,hallucination,0
memos_long:3270,0.35,UA3,correct,1
memos_long:3278,0.05,UA3,correct,1
memos_long:3279,0.35,UA3,correct,1
memos_long:3300,0.35,UA3,hallucination,0
memos_long:3304,0.9,UA3,correct,1
memos_long:3313,0.72,UA3,hallucination,0
memos_long:3316,0.75,UA3,hallucination,0
memos_long:3324,0.85,UA3,hallucination,0
memos_long:3348,0.0,UA3,correct,1
memos_long:3369,0.9,UA3,correct,1
memos_long:3380,0.75,UA3,hallucination,0
memos_long:3388,0.9,UA3,correct,1
memos_long:3399,0.35,UA3,hallucination,0
memos_long:3403,0.15,UA3,omission,0
memos_long:3426,0.35,UA3,correct,1
memos_long:3432,0.35,UA3,hallucination,0
memos_long:3435,0.72,UA3,hallucination,0
memos_long:3436,0.85,UA3,correct,1
memos_long:3439,0.0,UA3,omission,0
memos_long:3441,0.55,UA3,correct,1
memos_long:3448,0.15,UA3,hallucination,0
memos_long:3459,0.72,UA3,hallucination,0
memos_long:3461,0.72,UA3,correct,1
memos_long:3467,0.85,UA3,correct,1
