target,predicted,count
SUPPORT,SUPPORT,5200
SUPPORT,REFUTE,2192
SUPPORT,SUPERSEDED,22
SUPPORT,CURRENT,61
SUPPORT,MISBIND,12
SUPPORT,INSUFFICIENT,1233
REFUTE,SUPPORT,0
REFUTE,REFUTE,0
REFUTE,SUPERSEDED,0
REFUTE,CURRENT,0
REFUTE,MISBIND,0
REFUTE,INSUFFICIENT,0
SUPERSEDED,SUPPORT,215
SUPERSEDED,REFUTE,2
SUPERSEDED,SUPERSEDED,69
SUPERSEDED,CURRENT,10
SUPERSEDED,MISBIND,1
SUPERSEDED,INSUFFICIENT,1832
CURRENT,SUPPORT,0
CURRENT,REFUTE,0
CURRENT,SUPERSEDED,0
CURRENT,CURRENT,0
CURRENT,MISBIND,0
CURRENT,INSUFFICIENT,0
MISBIND,SUPPORT,0
MISBIND,REFUTE,0
MISBIND,SUPERSEDED,0
MISBIND,CURRENT,0
MISBIND,MISBIND,0
MISBIND,INSUFFICIENT,0
INSUFFICIENT,SUPPORT,0
INSUFFICIENT,REFUTE,0
INSUFFICIENT,SUPERSEDED,0
INSUFFICIENT,CURRENT,0
INSUFFICIENT,MISBIND,0
INSUFFICIENT,INSUFFICIENT,0
