arm,subset,expected_n,n_paired,missing,rescued,flip_rate,wilson95_low,wilson95_high
B0,stable_wrong,833,833,0,0,0.0,0.0,0.004590426036142666
B0,B0_wrong,1226,1226,0,0,0.0,2.168404344971009e-19,0.0031235398621036357
B0,B0_wrong_strict_supported,925,925,0,0,0.0,0.0,0.0041357529686190395
B1,stable_wrong,833,0,833,0,,,
B1,B0_wrong,1226,0,1226,0,,,
B1,B0_wrong_strict_supported,925,0,925,0,,,
B2,stable_wrong,833,0,833,0,,,
B2,B0_wrong,1226,0,1226,0,,,
B2,B0_wrong_strict_supported,925,0,925,0,,,
A2,stable_wrong,833,0,833,0,,,
A2,B0_wrong,1226,0,1226,0,,,
A2,B0_wrong_strict_supported,925,0,925,0,,,
A2-nogate,stable_wrong,833,0,833,0,,,
A2-nogate,B0_wrong,1226,0,1226,0,,,
A2-nogate,B0_wrong_strict_supported,925,0,925,0,,,
A2-nosal,stable_wrong,833,0,833,0,,,
A2-nosal,B0_wrong,1226,0,1226,0,,,
A2-nosal,B0_wrong_strict_supported,925,0,925,0,,,
A2-nolic,stable_wrong,833,0,833,0,,,
A2-nolic,B0_wrong,1226,0,1226,0,,,
A2-nolic,B0_wrong_strict_supported,925,0,925,0,,,
A2-noblock,stable_wrong,833,0,833,0,,,
A2-noblock,B0_wrong,1226,0,1226,0,,,
A2-noblock,B0_wrong_strict_supported,925,0,925,0,,,
