arm,from,to,count,row_n,row_rate,n_paired
B0,correct,correct,2836,2836,1.0,4062
B0,correct,hallucination,0,2836,0.0,4062
B0,correct,omission,0,2836,0.0,4062
B0,hallucination,correct,0,1003,0.0,4062
B0,hallucination,hallucination,1003,1003,1.0,4062
B0,hallucination,omission,0,1003,0.0,4062
B0,omission,correct,0,223,0.0,4062
B0,omission,hallucination,0,223,0.0,4062
B0,omission,omission,223,223,1.0,4062
B1,correct,correct,0,0,,0
B1,correct,hallucination,0,0,,0
B1,correct,omission,0,0,,0
B1,hallucination,correct,0,0,,0
B1,hallucination,hallucination,0,0,,0
B1,hallucination,omission,0,0,,0
B1,omission,correct,0,0,,0
B1,omission,hallucination,0,0,,0
B1,omission,omission,0,0,,0
B2,correct,correct,0,0,,0
B2,correct,hallucination,0,0,,0
B2,correct,omission,0,0,,0
B2,hallucination,correct,0,0,,0
B2,hallucination,hallucination,0,0,,0
B2,hallucination,omission,0,0,,0
B2,omission,correct,0,0,,0
B2,omission,hallucination,0,0,,0
B2,omission,omission,0,0,,0
A2,correct,correct,0,0,,0
A2,correct,hallucination,0,0,,0
A2,correct,omission,0,0,,0
A2,hallucination,correct,0,0,,0
A2,hallucination,hallucination,0,0,,0
A2,hallucination,omission,0,0,,0
A2,omission,correct,0,0,,0
A2,omission,hallucination,0,0,,0
A2,omission,omission,0,0,,0
A2-nogate,correct,correct,0,0,,0
A2-nogate,correct,hallucination,0,0,,0
A2-nogate,correct,omission,0,0,,0
A2-nogate,hallucination,correct,0,0,,0
A2-nogate,hallucination,hallucination,0,0,,0
A2-nogate,hallucination,omission,0,0,,0
A2-nogate,omission,correct,0,0,,0
A2-nogate,omission,hallucination,0,0,,0
A2-nogate,omission,omission,0,0,,0
A2-nosal,correct,correct,0,0,,0
A2-nosal,correct,hallucination,0,0,,0
A2-nosal,correct,omission,0,0,,0
A2-nosal,hallucination,correct,0,0,,0
A2-nosal,hallucination,hallucination,0,0,,0
A2-nosal,hallucination,omission,0,0,,0
A2-nosal,omission,correct,0,0,,0
A2-nosal,omission,hallucination,0,0,,0
A2-nosal,omission,omission,0,0,,0
A2-nolic,correct,correct,0,0,,0
A2-nolic,correct,hallucination,0,0,,0
A2-nolic,correct,omission,0,0,,0
A2-nolic,hallucination,correct,0,0,,0
A2-nolic,hallucination,hallucination,0,0,,0
A2-nolic,hallucination,omission,0,0,,0
A2-nolic,omission,correct,0,0,,0
A2-nolic,omission,hallucination,0,0,,0
A2-nolic,omission,omission,0,0,,0
A2-noblock,correct,correct,0,0,,0
A2-noblock,correct,hallucination,0,0,,0
A2-noblock,correct,omission,0,0,,0
A2-noblock,hallucination,correct,0,0,,0
A2-noblock,hallucination,hallucination,0,0,,0
A2-noblock,hallucination,omission,0,0,,0
A2-noblock,omission,correct,0,0,,0
A2-noblock,omission,hallucination,0,0,,0
A2-noblock,omission,omission,0,0,,0
